ad_id,user_id,car_id,title,description,mileage_km,color,transmission,price,ad_status,negotiable,post_date
1,88,45,(2022) Honda Jazz - MT/Manual,"
            Spesifikasi Mobil
                Merek: Honda
                Model: Honda Jazz
                Tahun Pembuatan: 2022
                Transmisi: MT/Manual
                Warna: Coklat
                Kilometer: 768324
                Harga bisa di NEGO!
        ",768324,Coklat,MT/Manual,476503000,True,True,2022-01-02
2,14,19,(2014) Daihatsu Xenia - MT/Manual,"
            Spesifikasi Mobil
                Merek: Daihatsu
                Model: Daihatsu Xenia
                Tahun Pembuatan: 2014
                Transmisi: MT/Manual
                Warna: Merah
                Kilometer: 687735
                
        ",687735,Merah,MT/Manual,315575000,True,False,2022-07-19
3,50,5,(2017) Hyundai Santa Fe - AT/Otomatis,"
            Spesifikasi Mobil
                Merek: Hyundai
                Model: Hyundai Santa Fe
                Tahun Pembuatan: 2017
                Transmisi: AT/Otomatis
                Warna: Nila
                Kilometer: 811153
                Harga bisa di NEGO!
        ",811153,Nila,AT/Otomatis,422038000,True,True,2023-05-03
4,47,23,(2013) Toyota Fortuner - MT/Manual,"
            Spesifikasi Mobil
                Merek: Toyota
                Model: Toyota Fortuner
                Tahun Pembuatan: 2013
                Transmisi: MT/Manual
                Warna: Koral
                Kilometer: 88428
                Harga bisa di NEGO!
        ",88428,Koral,MT/Manual,94864000,True,True,2021-07-29
5,84,22,(2014) BMW X Series - MT/Manual,"
            Spesifikasi Mobil
                Merek: BMW
                Model: BMW X Series
                Tahun Pembuatan: 2014
                Transmisi: MT/Manual
                Warna: Biru
                Kilometer: 976804
                Harga bisa di NEGO!
        ",976804,Biru,MT/Manual,343712000,True,True,2023-11-04
6,41,16,(2014) Toyota Rush - MT/Manual,"
            Spesifikasi Mobil
                Merek: Toyota
                Model: Toyota Rush
                Tahun Pembuatan: 2014
                Transmisi: MT/Manual
                Warna: Biru dongker
                Kilometer: 977684
                Harga bisa di NEGO!
        ",977684,Biru dongker,MT/Manual,180538000,True,True,2021-12-18
7,80,6,(2016) Hyundai Ioniq 5 - MT/Manual,"
            Spesifikasi Mobil
                Merek: Hyundai
                Model: Hyundai Ioniq 5
                Tahun Pembuatan: 2016
                Transmisi: MT/Manual
                Warna: Biru muda
                Kilometer: 854669
                Harga bisa di NEGO!
        ",854669,Biru muda,MT/Manual,251293000,False,True,2022-07-18
8,35,33,(2012) Toyota Fortuner - AT/Otomatis,"
            Spesifikasi Mobil
                Merek: Toyota
                Model: Toyota Fortuner
                Tahun Pembuatan: 2012
                Transmisi: AT/Otomatis
                Warna: Merah jambu
                Kilometer: 986116
                Harga bisa di NEGO!
        ",986116,Merah jambu,AT/Otomatis,373697000,False,True,2023-06-07
9,71,2,(2016) Toyota Fortuner - AT/Otomatis,"
            Spesifikasi Mobil
                Merek: Toyota
                Model: Toyota Fortuner
                Tahun Pembuatan: 2016
                Transmisi: AT/Otomatis
                Warna: Perak
                Kilometer: 846241
                Harga bisa di NEGO!
        ",846241,Perak,AT/Otomatis,433179000,False,True,2023-05-07
10,39,43,(2012) Suzuki Ertiga - AT/Otomatis,"
            Spesifikasi Mobil
                Merek: Suzuki
                Model: Suzuki Ertiga
                Tahun Pembuatan: 2012
                Transmisi: AT/Otomatis
                Warna: Biru muda
                Kilometer: 921465
                
        ",921465,Biru muda,AT/Otomatis,411329000,False,False,2022-05-06
11,45,13,(2017) Hyundai Creta - AT/Otomatis,"
            Spesifikasi Mobil
                Merek: Hyundai
                Model: Hyundai Creta
                Tahun Pembuatan: 2017
                Transmisi: AT/Otomatis
                Warna: Hijau tua
                Kilometer: 533521
                
        ",533521,Hijau tua,AT/Otomatis,119316000,False,False,2021-08-28
12,45,28,(2022) Hyundai Santa Fe - MT/Manual,"
            Spesifikasi Mobil
                Merek: Hyundai
                Model: Hyundai Santa Fe
                Tahun Pembuatan: 2022
                Transmisi: MT/Manual
                Warna: Coklat tua
                Kilometer: 658497
                Harga bisa di NEGO!
        ",658497,Coklat tua,MT/Manual,245734000,False,True,2023-05-22
13,53,24,(2022) Toyota Alphard - AT/Otomatis,"
            Spesifikasi Mobil
                Merek: Toyota
                Model: Toyota Alphard
                Tahun Pembuatan: 2022
                Transmisi: AT/Otomatis
                Warna: Putih
                Kilometer: 212260
                Harga bisa di NEGO!
        ",212260,Putih,AT/Otomatis,383594000,False,True,2023-05-06
14,52,46,(2019) Toyota Calya - AT/Otomatis,"
            Spesifikasi Mobil
                Merek: Toyota
                Model: Toyota Calya
                Tahun Pembuatan: 2019
                Transmisi: AT/Otomatis
                Warna: Jingga
                Kilometer: 978916
                Harga bisa di NEGO!
        ",978916,Jingga,AT/Otomatis,272030000,True,True,2022-04-26
15,6,17,(2014) BMW 3301 - MT/Manual,"
            Spesifikasi Mobil
                Merek: BMW
                Model: BMW 3301
                Tahun Pembuatan: 2014
                Transmisi: MT/Manual
                Warna: Coklat tua
                Kilometer: 458474
                
        ",458474,Coklat tua,MT/Manual,66515000,True,False,2023-05-09
16,34,20,(2021) Honda Civic - MT/Manual,"
            Spesifikasi Mobil
                Merek: Honda
                Model: Honda Civic
                Tahun Pembuatan: 2021
                Transmisi: MT/Manual
                Warna: Jingga
                Kilometer: 350408
                Harga bisa di NEGO!
        ",350408,Jingga,MT/Manual,206756000,False,True,2022-12-21
17,97,28,(2022) Hyundai Santa Fe - MT/Manual,"
            Spesifikasi Mobil
                Merek: Hyundai
                Model: Hyundai Santa Fe
                Tahun Pembuatan: 2022
                Transmisi: MT/Manual
                Warna: Jingga
                Kilometer: 214391
                Harga bisa di NEGO!
        ",214391,Jingga,MT/Manual,406391000,True,True,2021-09-14
18,70,39,(2014) Toyota Calya - MT/Manual,"
            Spesifikasi Mobil
                Merek: Toyota
                Model: Toyota Calya
                Tahun Pembuatan: 2014
                Transmisi: MT/Manual
                Warna: Ungu
                Kilometer: 251574
                
        ",251574,Ungu,MT/Manual,279873000,True,False,2022-03-07
19,27,18,(2016) BMW 3301 - MT/Manual,"
            Spesifikasi Mobil
                Merek: BMW
                Model: BMW 3301
                Tahun Pembuatan: 2016
                Transmisi: MT/Manual
                Warna: Merah marun
                Kilometer: 220712
                Harga bisa di NEGO!
        ",220712,Merah marun,MT/Manual,362686000,False,True,2022-09-23
20,34,45,(2022) Honda Jazz - AT/Otomatis,"
            Spesifikasi Mobil
                Merek: Honda
                Model: Honda Jazz
                Tahun Pembuatan: 2022
                Transmisi: AT/Otomatis
                Warna: Jingga
                Kilometer: 340635
                
        ",340635,Jingga,AT/Otomatis,414884000,True,False,2023-10-12
21,27,8,(2021) Hyundai Ioniq 5 - MT/Manual,"
            Spesifikasi Mobil
                Merek: Hyundai
                Model: Hyundai Ioniq 5
                Tahun Pembuatan: 2021
                Transmisi: MT/Manual
                Warna: Hijau tua
                Kilometer: 162699
                
        ",162699,Hijau tua,MT/Manual,495374000,False,False,2022-10-23
22,6,6,(2016) Hyundai Ioniq 5 - MT/Manual,"
            Spesifikasi Mobil
                Merek: Hyundai
                Model: Hyundai Ioniq 5
                Tahun Pembuatan: 2016
                Transmisi: MT/Manual
                Warna: Biru muda
                Kilometer: 746273
                Harga bisa di NEGO!
        ",746273,Biru muda,MT/Manual,414492000,False,True,2022-08-21
23,13,39,(2014) Toyota Calya - AT/Otomatis,"
            Spesifikasi Mobil
                Merek: Toyota
                Model: Toyota Calya
                Tahun Pembuatan: 2014
                Transmisi: AT/Otomatis
                Warna: Koral
                Kilometer: 576251
                Harga bisa di NEGO!
        ",576251,Koral,AT/Otomatis,473516000,False,True,2022-12-31
24,58,36,(2017) Toyota Fortuner - MT/Manual,"
            Spesifikasi Mobil
                Merek: Toyota
                Model: Toyota Fortuner
                Tahun Pembuatan: 2017
                Transmisi: MT/Manual
                Warna: Kuning
                Kilometer: 922533
                Harga bisa di NEGO!
        ",922533,Kuning,MT/Manual,83854000,True,True,2021-11-21
25,23,25,(2021) Suzuki Baleno - MT/Manual,"
            Spesifikasi Mobil
                Merek: Suzuki
                Model: Suzuki Baleno
                Tahun Pembuatan: 2021
                Transmisi: MT/Manual
                Warna: Merah jambu
                Kilometer: 766858
                
        ",766858,Merah jambu,MT/Manual,483490000,True,False,2022-05-27
26,49,9,(2012) Suzuki Ignis - AT/Otomatis,"
            Spesifikasi Mobil
                Merek: Suzuki
                Model: Suzuki Ignis
                Tahun Pembuatan: 2012
                Transmisi: AT/Otomatis
                Warna: Merah
                Kilometer: 407922
                
        ",407922,Merah,AT/Otomatis,77827000,True,False,2023-11-15
27,89,48,(2022) Daihatsu Ayla - MT/Manual,"
            Spesifikasi Mobil
                Merek: Daihatsu
                Model: Daihatsu Ayla
                Tahun Pembuatan: 2022
                Transmisi: MT/Manual
                Warna: Jingga
                Kilometer: 666717
                Harga bisa di NEGO!
        ",666717,Jingga,MT/Manual,462181000,True,True,2021-07-17
28,2,37,(2021) Toyota Calya - MT/Manual,"
            Spesifikasi Mobil
                Merek: Toyota
                Model: Toyota Calya
                Tahun Pembuatan: 2021
                Transmisi: MT/Manual
                Warna: Merah marun
                Kilometer: 563041
                Harga bisa di NEGO!
        ",563041,Merah marun,MT/Manual,477452000,True,True,2023-08-25
29,20,21,(2012) Hyundai Santa Fe - AT/Otomatis,"
            Spesifikasi Mobil
                Merek: Hyundai
                Model: Hyundai Santa Fe
                Tahun Pembuatan: 2012
                Transmisi: AT/Otomatis
                Warna: Zaitun
                Kilometer: 794390
                
        ",794390,Zaitun,AT/Otomatis,452806000,True,False,2021-06-27
30,75,1,(2018) Hyundai Ioniq 5 - AT/Otomatis,"
            Spesifikasi Mobil
                Merek: Hyundai
                Model: Hyundai Ioniq 5
                Tahun Pembuatan: 2018
                Transmisi: AT/Otomatis
                Warna: Biru muda
                Kilometer: 592226
                Harga bisa di NEGO!
        ",592226,Biru muda,AT/Otomatis,244939000,False,True,2023-07-23
31,98,47,(2017) Toyota Rush - MT/Manual,"
            Spesifikasi Mobil
                Merek: Toyota
                Model: Toyota Rush
                Tahun Pembuatan: 2017
                Transmisi: MT/Manual
                Warna: Merah bata
                Kilometer: 574961
                
        ",574961,Merah bata,MT/Manual,428451000,False,False,2022-12-22
32,42,31,(2021) Suzuki Ignis - MT/Manual,"
            Spesifikasi Mobil
                Merek: Suzuki
                Model: Suzuki Ignis
                Tahun Pembuatan: 2021
                Transmisi: MT/Manual
                Warna: Hijau
                Kilometer: 416486
                Harga bisa di NEGO!
        ",416486,Hijau,MT/Manual,90948000,True,True,2023-02-06
33,92,33,(2012) Toyota Fortuner - AT/Otomatis,"
            Spesifikasi Mobil
                Merek: Toyota
                Model: Toyota Fortuner
                Tahun Pembuatan: 2012
                Transmisi: AT/Otomatis
                Warna: Jingga
                Kilometer: 599448
                
        ",599448,Jingga,AT/Otomatis,58749000,True,False,2022-02-28
34,57,30,(2016) Daihatsu Terios - MT/Manual,"
            Spesifikasi Mobil
                Merek: Daihatsu
                Model: Daihatsu Terios
                Tahun Pembuatan: 2016
                Transmisi: MT/Manual
                Warna: Koral
                Kilometer: 268770
                Harga bisa di NEGO!
        ",268770,Koral,MT/Manual,414182000,True,True,2021-10-19
35,73,9,(2012) Suzuki Ignis - MT/Manual,"
            Spesifikasi Mobil
                Merek: Suzuki
                Model: Suzuki Ignis
                Tahun Pembuatan: 2012
                Transmisi: MT/Manual
                Warna: Merah marun
                Kilometer: 752304
                
        ",752304,Merah marun,MT/Manual,166385000,False,False,2022-08-29
36,49,46,(2019) Toyota Calya - AT/Otomatis,"
            Spesifikasi Mobil
                Merek: Toyota
                Model: Toyota Calya
                Tahun Pembuatan: 2019
                Transmisi: AT/Otomatis
                Warna: Kuning
                Kilometer: 496827
                Harga bisa di NEGO!
        ",496827,Kuning,AT/Otomatis,73078000,False,True,2023-02-05
37,84,8,(2021) Hyundai Ioniq 5 - MT/Manual,"
            Spesifikasi Mobil
                Merek: Hyundai
                Model: Hyundai Ioniq 5
                Tahun Pembuatan: 2021
                Transmisi: MT/Manual
                Warna: Emas
                Kilometer: 561432
                Harga bisa di NEGO!
        ",561432,Emas,MT/Manual,405300000,False,True,2022-10-27
38,90,32,(2019) Honda Civic - MT/Manual,"
            Spesifikasi Mobil
                Merek: Honda
                Model: Honda Civic
                Tahun Pembuatan: 2019
                Transmisi: MT/Manual
                Warna: Merah bata
                Kilometer: 17581
                
        ",17581,Merah bata,MT/Manual,133156000,True,False,2022-08-23
39,49,47,(2017) Toyota Rush - AT/Otomatis,"
            Spesifikasi Mobil
                Merek: Toyota
                Model: Toyota Rush
                Tahun Pembuatan: 2017
                Transmisi: AT/Otomatis
                Warna: Koral
                Kilometer: 785172
                
        ",785172,Koral,AT/Otomatis,215815000,True,False,2022-08-31
40,85,7,(2019) Daihatsu Ayla - MT/Manual,"
            Spesifikasi Mobil
                Merek: Daihatsu
                Model: Daihatsu Ayla
                Tahun Pembuatan: 2019
                Transmisi: MT/Manual
                Warna: Biru laut
                Kilometer: 269032
                
        ",269032,Biru laut,MT/Manual,67827000,False,False,2022-03-11
41,22,14,(2021) BMW 3301 - MT/Manual,"
            Spesifikasi Mobil
                Merek: BMW
                Model: BMW 3301
                Tahun Pembuatan: 2021
                Transmisi: MT/Manual
                Warna: Jingga
                Kilometer: 655186
                Harga bisa di NEGO!
        ",655186,Jingga,MT/Manual,174543000,True,True,2022-03-16
42,3,42,(2018) BMW 3301 - MT/Manual,"
            Spesifikasi Mobil
                Merek: BMW
                Model: BMW 3301
                Tahun Pembuatan: 2018
                Transmisi: MT/Manual
                Warna: Magenta
                Kilometer: 539951
                Harga bisa di NEGO!
        ",539951,Magenta,MT/Manual,376235000,True,True,2021-07-24
43,91,30,(2016) Daihatsu Terios - MT/Manual,"
            Spesifikasi Mobil
                Merek: Daihatsu
                Model: Daihatsu Terios
                Tahun Pembuatan: 2016
                Transmisi: MT/Manual
                Warna: Biru laut
                Kilometer: 710101
                Harga bisa di NEGO!
        ",710101,Biru laut,MT/Manual,497641000,False,True,2022-12-25
44,39,38,(2012) Toyota Fortuner - AT/Otomatis,"
            Spesifikasi Mobil
                Merek: Toyota
                Model: Toyota Fortuner
                Tahun Pembuatan: 2012
                Transmisi: AT/Otomatis
                Warna: Magenta
                Kilometer: 150825
                
        ",150825,Magenta,AT/Otomatis,289889000,False,False,2022-08-28
45,67,28,(2022) Hyundai Santa Fe - MT/Manual,"
            Spesifikasi Mobil
                Merek: Hyundai
                Model: Hyundai Santa Fe
                Tahun Pembuatan: 2022
                Transmisi: MT/Manual
                Warna: Biru muda
                Kilometer: 289435
                Harga bisa di NEGO!
        ",289435,Biru muda,MT/Manual,46634000,True,True,2022-12-22
46,40,27,(2013) Honda Jazz - MT/Manual,"
            Spesifikasi Mobil
                Merek: Honda
                Model: Honda Jazz
                Tahun Pembuatan: 2013
                Transmisi: MT/Manual
                Warna: Hijau
                Kilometer: 11557
                
        ",11557,Hijau,MT/Manual,193494000,False,False,2023-08-28
47,66,5,(2017) Hyundai Santa Fe - MT/Manual,"
            Spesifikasi Mobil
                Merek: Hyundai
                Model: Hyundai Santa Fe
                Tahun Pembuatan: 2017
                Transmisi: MT/Manual
                Warna: Biru muda
                Kilometer: 957878
                Harga bisa di NEGO!
        ",957878,Biru muda,MT/Manual,348617000,True,True,2023-07-05
48,44,18,(2016) BMW 3301 - AT/Otomatis,"
            Spesifikasi Mobil
                Merek: BMW
                Model: BMW 3301
                Tahun Pembuatan: 2016
                Transmisi: AT/Otomatis
                Warna: Biru muda
                Kilometer: 460459
                
        ",460459,Biru muda,AT/Otomatis,105903000,True,False,2022-07-04
49,62,16,(2014) Toyota Rush - AT/Otomatis,"
            Spesifikasi Mobil
                Merek: Toyota
                Model: Toyota Rush
                Tahun Pembuatan: 2014
                Transmisi: AT/Otomatis
                Warna: Merah bata
                Kilometer: 512961
                Harga bisa di NEGO!
        ",512961,Merah bata,AT/Otomatis,439207000,True,True,2022-01-06
50,41,37,(2021) Toyota Calya - AT/Otomatis,"
            Spesifikasi Mobil
                Merek: Toyota
                Model: Toyota Calya
                Tahun Pembuatan: 2021
                Transmisi: AT/Otomatis
                Warna: Putih
                Kilometer: 936633
                Harga bisa di NEGO!
        ",936633,Putih,AT/Otomatis,216432000,False,True,2023-05-27
51,23,11,(2015) Suzuki Ertiga - AT/Otomatis,"
            Spesifikasi Mobil
                Merek: Suzuki
                Model: Suzuki Ertiga
                Tahun Pembuatan: 2015
                Transmisi: AT/Otomatis
                Warna: Coklat tua
                Kilometer: 391230
                
        ",391230,Coklat tua,AT/Otomatis,393951000,True,False,2022-07-24
52,71,31,(2021) Suzuki Ignis - AT/Otomatis,"
            Spesifikasi Mobil
                Merek: Suzuki
                Model: Suzuki Ignis
                Tahun Pembuatan: 2021
                Transmisi: AT/Otomatis
                Warna: Hitam
                Kilometer: 868703
                Harga bisa di NEGO!
        ",868703,Hitam,AT/Otomatis,319470000,True,True,2023-10-11
53,24,18,(2016) BMW 3301 - MT/Manual,"
            Spesifikasi Mobil
                Merek: BMW
                Model: BMW 3301
                Tahun Pembuatan: 2016
                Transmisi: MT/Manual
                Warna: Merah marun
                Kilometer: 321502
                
        ",321502,Merah marun,MT/Manual,264690000,False,False,2022-10-18
54,96,43,(2012) Suzuki Ertiga - AT/Otomatis,"
            Spesifikasi Mobil
                Merek: Suzuki
                Model: Suzuki Ertiga
                Tahun Pembuatan: 2012
                Transmisi: AT/Otomatis
                Warna: Hijau
                Kilometer: 914014
                
        ",914014,Hijau,AT/Otomatis,320969000,True,False,2021-07-23
55,18,27,(2013) Honda Jazz - AT/Otomatis,"
            Spesifikasi Mobil
                Merek: Honda
                Model: Honda Jazz
                Tahun Pembuatan: 2013
                Transmisi: AT/Otomatis
                Warna: Hitam
                Kilometer: 195560
                
        ",195560,Hitam,AT/Otomatis,465294000,False,False,2023-02-22
56,86,11,(2015) Suzuki Ertiga - MT/Manual,"
            Spesifikasi Mobil
                Merek: Suzuki
                Model: Suzuki Ertiga
                Tahun Pembuatan: 2015
                Transmisi: MT/Manual
                Warna: Emas
                Kilometer: 988132
                
        ",988132,Emas,MT/Manual,116836000,False,False,2021-11-28
57,36,19,(2014) Daihatsu Xenia - MT/Manual,"
            Spesifikasi Mobil
                Merek: Daihatsu
                Model: Daihatsu Xenia
                Tahun Pembuatan: 2014
                Transmisi: MT/Manual
                Warna: Hitam
                Kilometer: 990281
                Harga bisa di NEGO!
        ",990281,Hitam,MT/Manual,82337000,False,True,2021-11-09
58,46,18,(2016) BMW 3301 - AT/Otomatis,"
            Spesifikasi Mobil
                Merek: BMW
                Model: BMW 3301
                Tahun Pembuatan: 2016
                Transmisi: AT/Otomatis
                Warna: Coklat
                Kilometer: 846031
                Harga bisa di NEGO!
        ",846031,Coklat,AT/Otomatis,451837000,True,True,2023-03-21
59,64,33,(2012) Toyota Fortuner - MT/Manual,"
            Spesifikasi Mobil
                Merek: Toyota
                Model: Toyota Fortuner
                Tahun Pembuatan: 2012
                Transmisi: MT/Manual
                Warna: Zaitun
                Kilometer: 118651
                Harga bisa di NEGO!
        ",118651,Zaitun,MT/Manual,34017000,False,True,2021-10-03
60,20,37,(2021) Toyota Calya - MT/Manual,"
            Spesifikasi Mobil
                Merek: Toyota
                Model: Toyota Calya
                Tahun Pembuatan: 2021
                Transmisi: MT/Manual
                Warna: Putih
                Kilometer: 682194
                Harga bisa di NEGO!
        ",682194,Putih,MT/Manual,316482000,False,True,2023-11-24
61,3,5,(2017) Hyundai Santa Fe - AT/Otomatis,"
            Spesifikasi Mobil
                Merek: Hyundai
                Model: Hyundai Santa Fe
                Tahun Pembuatan: 2017
                Transmisi: AT/Otomatis
                Warna: Jingga
                Kilometer: 216095
                
        ",216095,Jingga,AT/Otomatis,492823000,True,False,2023-03-13
62,47,46,(2019) Toyota Calya - MT/Manual,"
            Spesifikasi Mobil
                Merek: Toyota
                Model: Toyota Calya
                Tahun Pembuatan: 2019
                Transmisi: MT/Manual
                Warna: Jingga
                Kilometer: 161387
                
        ",161387,Jingga,MT/Manual,386318000,False,False,2022-07-25
63,32,22,(2014) BMW X Series - AT/Otomatis,"
            Spesifikasi Mobil
                Merek: BMW
                Model: BMW X Series
                Tahun Pembuatan: 2014
                Transmisi: AT/Otomatis
                Warna: Merah
                Kilometer: 557800
                Harga bisa di NEGO!
        ",557800,Merah,AT/Otomatis,376482000,True,True,2022-01-25
64,53,45,(2022) Honda Jazz - AT/Otomatis,"
            Spesifikasi Mobil
                Merek: Honda
                Model: Honda Jazz
                Tahun Pembuatan: 2022
                Transmisi: AT/Otomatis
                Warna: Merah
                Kilometer: 928969
                Harga bisa di NEGO!
        ",928969,Merah,AT/Otomatis,336480000,True,True,2023-11-20
65,17,15,(2014) Suzuki Ertiga - MT/Manual,"
            Spesifikasi Mobil
                Merek: Suzuki
                Model: Suzuki Ertiga
                Tahun Pembuatan: 2014
                Transmisi: MT/Manual
                Warna: Jingga
                Kilometer: 152167
                
        ",152167,Jingga,MT/Manual,233074000,True,False,2022-09-27
66,59,34,(2012) Toyota Agya - AT/Otomatis,"
            Spesifikasi Mobil
                Merek: Toyota
                Model: Toyota Agya
                Tahun Pembuatan: 2012
                Transmisi: AT/Otomatis
                Warna: Koral
                Kilometer: 205285
                Harga bisa di NEGO!
        ",205285,Koral,AT/Otomatis,446350000,True,True,2022-12-31
67,21,43,(2012) Suzuki Ertiga - MT/Manual,"
            Spesifikasi Mobil
                Merek: Suzuki
                Model: Suzuki Ertiga
                Tahun Pembuatan: 2012
                Transmisi: MT/Manual
                Warna: Putih
                Kilometer: 871446
                
        ",871446,Putih,MT/Manual,417612000,True,False,2023-04-16
68,82,36,(2017) Toyota Fortuner - AT/Otomatis,"
            Spesifikasi Mobil
                Merek: Toyota
                Model: Toyota Fortuner
                Tahun Pembuatan: 2017
                Transmisi: AT/Otomatis
                Warna: Biru
                Kilometer: 156886
                
        ",156886,Biru,AT/Otomatis,363717000,False,False,2022-10-18
69,52,41,(2014) Hyundai Creta - MT/Manual,"
            Spesifikasi Mobil
                Merek: Hyundai
                Model: Hyundai Creta
                Tahun Pembuatan: 2014
                Transmisi: MT/Manual
                Warna: Hijau tua
                Kilometer: 403501
                Harga bisa di NEGO!
        ",403501,Hijau tua,MT/Manual,309235000,False,True,2023-04-06
70,4,38,(2012) Toyota Fortuner - AT/Otomatis,"
            Spesifikasi Mobil
                Merek: Toyota
                Model: Toyota Fortuner
                Tahun Pembuatan: 2012
                Transmisi: AT/Otomatis
                Warna: Kuning
                Kilometer: 915245
                Harga bisa di NEGO!
        ",915245,Kuning,AT/Otomatis,400721000,False,True,2022-08-31
71,76,44,(2021) BMW X Series - AT/Otomatis,"
            Spesifikasi Mobil
                Merek: BMW
                Model: BMW X Series
                Tahun Pembuatan: 2021
                Transmisi: AT/Otomatis
                Warna: Kuning
                Kilometer: 403009
                
        ",403009,Kuning,AT/Otomatis,356745000,True,False,2021-09-02
72,14,21,(2012) Hyundai Santa Fe - MT/Manual,"
            Spesifikasi Mobil
                Merek: Hyundai
                Model: Hyundai Santa Fe
                Tahun Pembuatan: 2012
                Transmisi: MT/Manual
                Warna: Ungu
                Kilometer: 235610
                
        ",235610,Ungu,MT/Manual,60188000,True,False,2022-07-31
73,86,2,(2016) Toyota Fortuner - MT/Manual,"
            Spesifikasi Mobil
                Merek: Toyota
                Model: Toyota Fortuner
                Tahun Pembuatan: 2016
                Transmisi: MT/Manual
                Warna: Nila
                Kilometer: 39997
                
        ",39997,Nila,MT/Manual,384285000,False,False,2022-07-21
74,99,47,(2017) Toyota Rush - AT/Otomatis,"
            Spesifikasi Mobil
                Merek: Toyota
                Model: Toyota Rush
                Tahun Pembuatan: 2017
                Transmisi: AT/Otomatis
                Warna: Putih
                Kilometer: 912430
                Harga bisa di NEGO!
        ",912430,Putih,AT/Otomatis,322026000,False,True,2022-12-24
75,51,21,(2012) Hyundai Santa Fe - MT/Manual,"
            Spesifikasi Mobil
                Merek: Hyundai
                Model: Hyundai Santa Fe
                Tahun Pembuatan: 2012
                Transmisi: MT/Manual
                Warna: Magenta
                Kilometer: 743786
                Harga bisa di NEGO!
        ",743786,Magenta,MT/Manual,28907000,False,True,2022-12-10
76,52,8,(2021) Hyundai Ioniq 5 - MT/Manual,"
            Spesifikasi Mobil
                Merek: Hyundai
                Model: Hyundai Ioniq 5
                Tahun Pembuatan: 2021
                Transmisi: MT/Manual
                Warna: Koral
                Kilometer: 895323
                
        ",895323,Koral,MT/Manual,237956000,False,False,2022-04-30
77,61,35,(2022) Daihatsu Xenia - MT/Manual,"
            Spesifikasi Mobil
                Merek: Daihatsu
                Model: Daihatsu Xenia
                Tahun Pembuatan: 2022
                Transmisi: MT/Manual
                Warna: Biru dongker
                Kilometer: 210409
                Harga bisa di NEGO!
        ",210409,Biru dongker,MT/Manual,467857000,False,True,2021-06-15
78,65,33,(2012) Toyota Fortuner - AT/Otomatis,"
            Spesifikasi Mobil
                Merek: Toyota
                Model: Toyota Fortuner
                Tahun Pembuatan: 2012
                Transmisi: AT/Otomatis
                Warna: Merah bata
                Kilometer: 401772
                Harga bisa di NEGO!
        ",401772,Merah bata,AT/Otomatis,90928000,True,True,2022-09-04
79,85,2,(2016) Toyota Fortuner - AT/Otomatis,"
            Spesifikasi Mobil
                Merek: Toyota
                Model: Toyota Fortuner
                Tahun Pembuatan: 2016
                Transmisi: AT/Otomatis
                Warna: Magenta
                Kilometer: 806220
                
        ",806220,Magenta,AT/Otomatis,277513000,True,False,2021-07-05
80,4,48,(2022) Daihatsu Ayla - MT/Manual,"
            Spesifikasi Mobil
                Merek: Daihatsu
                Model: Daihatsu Ayla
                Tahun Pembuatan: 2022
                Transmisi: MT/Manual
                Warna: Kuning
                Kilometer: 797654
                
        ",797654,Kuning,MT/Manual,83702000,False,False,2022-06-13
81,55,7,(2019) Daihatsu Ayla - MT/Manual,"
            Spesifikasi Mobil
                Merek: Daihatsu
                Model: Daihatsu Ayla
                Tahun Pembuatan: 2019
                Transmisi: MT/Manual
                Warna: Ungu
                Kilometer: 751951
                Harga bisa di NEGO!
        ",751951,Ungu,MT/Manual,448868000,False,True,2021-12-25
82,36,45,(2022) Honda Jazz - AT/Otomatis,"
            Spesifikasi Mobil
                Merek: Honda
                Model: Honda Jazz
                Tahun Pembuatan: 2022
                Transmisi: AT/Otomatis
                Warna: Biru dongker
                Kilometer: 609487
                Harga bisa di NEGO!
        ",609487,Biru dongker,AT/Otomatis,295802000,False,True,2023-01-15
83,99,7,(2019) Daihatsu Ayla - AT/Otomatis,"
            Spesifikasi Mobil
                Merek: Daihatsu
                Model: Daihatsu Ayla
                Tahun Pembuatan: 2019
                Transmisi: AT/Otomatis
                Warna: Perak
                Kilometer: 562352
                Harga bisa di NEGO!
        ",562352,Perak,AT/Otomatis,449687000,False,True,2022-08-14
84,38,8,(2021) Hyundai Ioniq 5 - MT/Manual,"
            Spesifikasi Mobil
                Merek: Hyundai
                Model: Hyundai Ioniq 5
                Tahun Pembuatan: 2021
                Transmisi: MT/Manual
                Warna: Kuning
                Kilometer: 41185
                
        ",41185,Kuning,MT/Manual,182093000,False,False,2023-11-02
85,47,42,(2018) BMW 3301 - AT/Otomatis,"
            Spesifikasi Mobil
                Merek: BMW
                Model: BMW 3301
                Tahun Pembuatan: 2018
                Transmisi: AT/Otomatis
                Warna: Merah
                Kilometer: 249689
                Harga bisa di NEGO!
        ",249689,Merah,AT/Otomatis,125809000,True,True,2021-10-18
86,70,14,(2021) BMW 3301 - MT/Manual,"
            Spesifikasi Mobil
                Merek: BMW
                Model: BMW 3301
                Tahun Pembuatan: 2021
                Transmisi: MT/Manual
                Warna: Hitam
                Kilometer: 105456
                
        ",105456,Hitam,MT/Manual,104582000,False,False,2022-07-27
87,78,34,(2012) Toyota Agya - MT/Manual,"
            Spesifikasi Mobil
                Merek: Toyota
                Model: Toyota Agya
                Tahun Pembuatan: 2012
                Transmisi: MT/Manual
                Warna: Ungu tua
                Kilometer: 980932
                
        ",980932,Ungu tua,MT/Manual,338423000,True,False,2023-06-13
88,87,23,(2013) Toyota Fortuner - MT/Manual,"
            Spesifikasi Mobil
                Merek: Toyota
                Model: Toyota Fortuner
                Tahun Pembuatan: 2013
                Transmisi: MT/Manual
                Warna: Biru dongker
                Kilometer: 767472
                Harga bisa di NEGO!
        ",767472,Biru dongker,MT/Manual,468268000,False,True,2021-10-30
89,96,29,(2017) Daihatsu Xenia - AT/Otomatis,"
            Spesifikasi Mobil
                Merek: Daihatsu
                Model: Daihatsu Xenia
                Tahun Pembuatan: 2017
                Transmisi: AT/Otomatis
                Warna: Perak
                Kilometer: 103709
                Harga bisa di NEGO!
        ",103709,Perak,AT/Otomatis,334052000,False,True,2023-08-23
90,33,15,(2014) Suzuki Ertiga - AT/Otomatis,"
            Spesifikasi Mobil
                Merek: Suzuki
                Model: Suzuki Ertiga
                Tahun Pembuatan: 2014
                Transmisi: AT/Otomatis
                Warna: Putih
                Kilometer: 235847
                
        ",235847,Putih,AT/Otomatis,164935000,False,False,2022-02-12
91,61,11,(2015) Suzuki Ertiga - AT/Otomatis,"
            Spesifikasi Mobil
                Merek: Suzuki
                Model: Suzuki Ertiga
                Tahun Pembuatan: 2015
                Transmisi: AT/Otomatis
                Warna: Hitam
                Kilometer: 4936
                
        ",4936,Hitam,AT/Otomatis,330078000,True,False,2022-02-17
92,68,23,(2013) Toyota Fortuner - MT/Manual,"
            Spesifikasi Mobil
                Merek: Toyota
                Model: Toyota Fortuner
                Tahun Pembuatan: 2013
                Transmisi: MT/Manual
                Warna: Putih
                Kilometer: 881296
                Harga bisa di NEGO!
        ",881296,Putih,MT/Manual,279727000,False,True,2022-06-26
93,50,46,(2019) Toyota Calya - AT/Otomatis,"
            Spesifikasi Mobil
                Merek: Toyota
                Model: Toyota Calya
                Tahun Pembuatan: 2019
                Transmisi: AT/Otomatis
                Warna: Magenta
                Kilometer: 942333
                
        ",942333,Magenta,AT/Otomatis,186438000,False,False,2023-11-02
94,44,18,(2016) BMW 3301 - MT/Manual,"
            Spesifikasi Mobil
                Merek: BMW
                Model: BMW 3301
                Tahun Pembuatan: 2016
                Transmisi: MT/Manual
                Warna: Hijau
                Kilometer: 30100
                Harga bisa di NEGO!
        ",30100,Hijau,MT/Manual,459673000,True,True,2023-01-18
95,55,44,(2021) BMW X Series - MT/Manual,"
            Spesifikasi Mobil
                Merek: BMW
                Model: BMW X Series
                Tahun Pembuatan: 2021
                Transmisi: MT/Manual
                Warna: Coklat tua
                Kilometer: 347000
                Harga bisa di NEGO!
        ",347000,Coklat tua,MT/Manual,355411000,False,True,2021-11-26
96,61,48,(2022) Daihatsu Ayla - MT/Manual,"
            Spesifikasi Mobil
                Merek: Daihatsu
                Model: Daihatsu Ayla
                Tahun Pembuatan: 2022
                Transmisi: MT/Manual
                Warna: Hijau
                Kilometer: 429922
                Harga bisa di NEGO!
        ",429922,Hijau,MT/Manual,401386000,True,True,2023-07-19
97,69,46,(2019) Toyota Calya - AT/Otomatis,"
            Spesifikasi Mobil
                Merek: Toyota
                Model: Toyota Calya
                Tahun Pembuatan: 2019
                Transmisi: AT/Otomatis
                Warna: Ungu
                Kilometer: 786174
                
        ",786174,Ungu,AT/Otomatis,338463000,True,False,2022-11-25
98,57,24,(2022) Toyota Alphard - AT/Otomatis,"
            Spesifikasi Mobil
                Merek: Toyota
                Model: Toyota Alphard
                Tahun Pembuatan: 2022
                Transmisi: AT/Otomatis
                Warna: Zaitun
                Kilometer: 465727
                Harga bisa di NEGO!
        ",465727,Zaitun,AT/Otomatis,387099000,True,True,2021-12-17
99,97,26,(2020) Honda HR-V - AT/Otomatis,"
            Spesifikasi Mobil
                Merek: Honda
                Model: Honda HR-V
                Tahun Pembuatan: 2020
                Transmisi: AT/Otomatis
                Warna: Merah
                Kilometer: 272137
                Harga bisa di NEGO!
        ",272137,Merah,AT/Otomatis,233396000,True,True,2023-06-06
100,77,35,(2022) Daihatsu Xenia - MT/Manual,"
            Spesifikasi Mobil
                Merek: Daihatsu
                Model: Daihatsu Xenia
                Tahun Pembuatan: 2022
                Transmisi: MT/Manual
                Warna: Magenta
                Kilometer: 137671
                
        ",137671,Magenta,MT/Manual,251551000,True,False,2021-12-13
101,32,9,(2012) Suzuki Ignis - MT/Manual,"
            Spesifikasi Mobil
                Merek: Suzuki
                Model: Suzuki Ignis
                Tahun Pembuatan: 2012
                Transmisi: MT/Manual
                Warna: Zaitun
                Kilometer: 127064
                
        ",127064,Zaitun,MT/Manual,104562000,True,False,2023-04-19
102,86,49,(2022) Suzuki Baleno - MT/Manual,"
            Spesifikasi Mobil
                Merek: Suzuki
                Model: Suzuki Baleno
                Tahun Pembuatan: 2022
                Transmisi: MT/Manual
                Warna: Biru dongker
                Kilometer: 135449
                Harga bisa di NEGO!
        ",135449,Biru dongker,MT/Manual,179696000,True,True,2021-09-08
103,95,13,(2017) Hyundai Creta - AT/Otomatis,"
            Spesifikasi Mobil
                Merek: Hyundai
                Model: Hyundai Creta
                Tahun Pembuatan: 2017
                Transmisi: AT/Otomatis
                Warna: Hijau muda
                Kilometer: 584573
                Harga bisa di NEGO!
        ",584573,Hijau muda,AT/Otomatis,354542000,True,True,2022-08-09
104,24,41,(2014) Hyundai Creta - AT/Otomatis,"
            Spesifikasi Mobil
                Merek: Hyundai
                Model: Hyundai Creta
                Tahun Pembuatan: 2014
                Transmisi: AT/Otomatis
                Warna: Abu-abu
                Kilometer: 7246
                
        ",7246,Abu-abu,AT/Otomatis,37957000,True,False,2022-03-09
105,94,25,(2021) Suzuki Baleno - MT/Manual,"
            Spesifikasi Mobil
                Merek: Suzuki
                Model: Suzuki Baleno
                Tahun Pembuatan: 2021
                Transmisi: MT/Manual
                Warna: Coklat tua
                Kilometer: 108088
                
        ",108088,Coklat tua,MT/Manual,338033000,False,False,2023-09-04
106,49,7,(2019) Daihatsu Ayla - MT/Manual,"
            Spesifikasi Mobil
                Merek: Daihatsu
                Model: Daihatsu Ayla
                Tahun Pembuatan: 2019
                Transmisi: MT/Manual
                Warna: Emas
                Kilometer: 689172
                
        ",689172,Emas,MT/Manual,375768000,False,False,2021-05-23
107,25,36,(2017) Toyota Fortuner - MT/Manual,"
            Spesifikasi Mobil
                Merek: Toyota
                Model: Toyota Fortuner
                Tahun Pembuatan: 2017
                Transmisi: MT/Manual
                Warna: Zaitun
                Kilometer: 149610
                
        ",149610,Zaitun,MT/Manual,319165000,False,False,2022-01-11
108,4,38,(2012) Toyota Fortuner - AT/Otomatis,"
            Spesifikasi Mobil
                Merek: Toyota
                Model: Toyota Fortuner
                Tahun Pembuatan: 2012
                Transmisi: AT/Otomatis
                Warna: Jingga
                Kilometer: 278249
                Harga bisa di NEGO!
        ",278249,Jingga,AT/Otomatis,286049000,True,True,2023-06-15
109,29,2,(2016) Toyota Fortuner - AT/Otomatis,"
            Spesifikasi Mobil
                Merek: Toyota
                Model: Toyota Fortuner
                Tahun Pembuatan: 2016
                Transmisi: AT/Otomatis
                Warna: Merah bata
                Kilometer: 396401
                Harga bisa di NEGO!
        ",396401,Merah bata,AT/Otomatis,184242000,False,True,2021-06-11
110,34,17,(2014) BMW 3301 - AT/Otomatis,"
            Spesifikasi Mobil
                Merek: BMW
                Model: BMW 3301
                Tahun Pembuatan: 2014
                Transmisi: AT/Otomatis
                Warna: Merah marun
                Kilometer: 409770
                Harga bisa di NEGO!
        ",409770,Merah marun,AT/Otomatis,128517000,False,True,2021-06-24
111,2,27,(2013) Honda Jazz - MT/Manual,"
            Spesifikasi Mobil
                Merek: Honda
                Model: Honda Jazz
                Tahun Pembuatan: 2013
                Transmisi: MT/Manual
                Warna: Perak
                Kilometer: 575511
                
        ",575511,Perak,MT/Manual,493460000,True,False,2021-12-24
112,95,5,(2017) Hyundai Santa Fe - MT/Manual,"
            Spesifikasi Mobil
                Merek: Hyundai
                Model: Hyundai Santa Fe
                Tahun Pembuatan: 2017
                Transmisi: MT/Manual
                Warna: Ungu
                Kilometer: 329581
                
        ",329581,Ungu,MT/Manual,187247000,False,False,2022-04-05
113,67,18,(2016) BMW 3301 - MT/Manual,"
            Spesifikasi Mobil
                Merek: BMW
                Model: BMW 3301
                Tahun Pembuatan: 2016
                Transmisi: MT/Manual
                Warna: Emas
                Kilometer: 476939
                Harga bisa di NEGO!
        ",476939,Emas,MT/Manual,43229000,False,True,2023-04-14
114,10,20,(2021) Honda Civic - AT/Otomatis,"
            Spesifikasi Mobil
                Merek: Honda
                Model: Honda Civic
                Tahun Pembuatan: 2021
                Transmisi: AT/Otomatis
                Warna: Merah marun
                Kilometer: 644823
                
        ",644823,Merah marun,AT/Otomatis,45561000,False,False,2023-07-12
115,43,43,(2012) Suzuki Ertiga - AT/Otomatis,"
            Spesifikasi Mobil
                Merek: Suzuki
                Model: Suzuki Ertiga
                Tahun Pembuatan: 2012
                Transmisi: AT/Otomatis
                Warna: Emas
                Kilometer: 930623
                Harga bisa di NEGO!
        ",930623,Emas,AT/Otomatis,348099000,False,True,2023-08-14
116,20,41,(2014) Hyundai Creta - AT/Otomatis,"
            Spesifikasi Mobil
                Merek: Hyundai
                Model: Hyundai Creta
                Tahun Pembuatan: 2014
                Transmisi: AT/Otomatis
                Warna: Coklat tua
                Kilometer: 876016
                Harga bisa di NEGO!
        ",876016,Coklat tua,AT/Otomatis,436678000,True,True,2022-02-24
117,57,31,(2021) Suzuki Ignis - AT/Otomatis,"
            Spesifikasi Mobil
                Merek: Suzuki
                Model: Suzuki Ignis
                Tahun Pembuatan: 2021
                Transmisi: AT/Otomatis
                Warna: Merah marun
                Kilometer: 988346
                Harga bisa di NEGO!
        ",988346,Merah marun,AT/Otomatis,153887000,False,True,2021-05-09
118,83,50,(2021) Honda Mobilio - MT/Manual,"
            Spesifikasi Mobil
                Merek: Honda
                Model: Honda Mobilio
                Tahun Pembuatan: 2021
                Transmisi: MT/Manual
                Warna: Emas
                Kilometer: 173862
                
        ",173862,Emas,MT/Manual,418081000,False,False,2021-09-28
119,31,34,(2012) Toyota Agya - AT/Otomatis,"
            Spesifikasi Mobil
                Merek: Toyota
                Model: Toyota Agya
                Tahun Pembuatan: 2012
                Transmisi: AT/Otomatis
                Warna: Hijau tua
                Kilometer: 829196
                
        ",829196,Hijau tua,AT/Otomatis,358925000,True,False,2023-06-10
120,42,26,(2020) Honda HR-V - AT/Otomatis,"
            Spesifikasi Mobil
                Merek: Honda
                Model: Honda HR-V
                Tahun Pembuatan: 2020
                Transmisi: AT/Otomatis
                Warna: Merah bata
                Kilometer: 37035
                Harga bisa di NEGO!
        ",37035,Merah bata,AT/Otomatis,387479000,False,True,2023-02-06
121,17,41,(2014) Hyundai Creta - AT/Otomatis,"
            Spesifikasi Mobil
                Merek: Hyundai
                Model: Hyundai Creta
                Tahun Pembuatan: 2014
                Transmisi: AT/Otomatis
                Warna: Hijau
                Kilometer: 300340
                
        ",300340,Hijau,AT/Otomatis,74338000,False,False,2022-03-13
122,97,45,(2022) Honda Jazz - MT/Manual,"
            Spesifikasi Mobil
                Merek: Honda
                Model: Honda Jazz
                Tahun Pembuatan: 2022
                Transmisi: MT/Manual
                Warna: Putih
                Kilometer: 539672
                
        ",539672,Putih,MT/Manual,486366000,True,False,2021-12-19
123,42,22,(2014) BMW X Series - MT/Manual,"
            Spesifikasi Mobil
                Merek: BMW
                Model: BMW X Series
                Tahun Pembuatan: 2014
                Transmisi: MT/Manual
                Warna: Zaitun
                Kilometer: 98117
                
        ",98117,Zaitun,MT/Manual,172673000,False,False,2023-07-26
124,36,40,(2021) Honda Mobilio - AT/Otomatis,"
            Spesifikasi Mobil
                Merek: Honda
                Model: Honda Mobilio
                Tahun Pembuatan: 2021
                Transmisi: AT/Otomatis
                Warna: Emas
                Kilometer: 51267
                
        ",51267,Emas,AT/Otomatis,100378000,True,False,2021-11-14
125,44,35,(2022) Daihatsu Xenia - AT/Otomatis,"
            Spesifikasi Mobil
                Merek: Daihatsu
                Model: Daihatsu Xenia
                Tahun Pembuatan: 2022
                Transmisi: AT/Otomatis
                Warna: Putih
                Kilometer: 656549
                
        ",656549,Putih,AT/Otomatis,427715000,False,False,2023-09-19
126,94,50,(2021) Honda Mobilio - AT/Otomatis,"
            Spesifikasi Mobil
                Merek: Honda
                Model: Honda Mobilio
                Tahun Pembuatan: 2021
                Transmisi: AT/Otomatis
                Warna: Emas
                Kilometer: 458150
                
        ",458150,Emas,AT/Otomatis,315114000,False,False,2021-11-23
127,1,22,(2014) BMW X Series - AT/Otomatis,"
            Spesifikasi Mobil
                Merek: BMW
                Model: BMW X Series
                Tahun Pembuatan: 2014
                Transmisi: AT/Otomatis
                Warna: Abu-abu
                Kilometer: 716762
                
        ",716762,Abu-abu,AT/Otomatis,161425000,False,False,2023-08-18
128,98,31,(2021) Suzuki Ignis - AT/Otomatis,"
            Spesifikasi Mobil
                Merek: Suzuki
                Model: Suzuki Ignis
                Tahun Pembuatan: 2021
                Transmisi: AT/Otomatis
                Warna: Abu-abu
                Kilometer: 727648
                
        ",727648,Abu-abu,AT/Otomatis,352444000,False,False,2021-09-21
129,2,28,(2022) Hyundai Santa Fe - AT/Otomatis,"
            Spesifikasi Mobil
                Merek: Hyundai
                Model: Hyundai Santa Fe
                Tahun Pembuatan: 2022
                Transmisi: AT/Otomatis
                Warna: Perak
                Kilometer: 485120
                Harga bisa di NEGO!
        ",485120,Perak,AT/Otomatis,404180000,True,True,2021-06-21
130,49,14,(2021) BMW 3301 - MT/Manual,"
            Spesifikasi Mobil
                Merek: BMW
                Model: BMW 3301
                Tahun Pembuatan: 2021
                Transmisi: MT/Manual
                Warna: Koral
                Kilometer: 949139
                Harga bisa di NEGO!
        ",949139,Koral,MT/Manual,68935000,True,True,2022-07-25
131,85,32,(2019) Honda Civic - MT/Manual,"
            Spesifikasi Mobil
                Merek: Honda
                Model: Honda Civic
                Tahun Pembuatan: 2019
                Transmisi: MT/Manual
                Warna: Biru laut
                Kilometer: 493451
                
        ",493451,Biru laut,MT/Manual,327315000,False,False,2021-10-03
132,76,27,(2013) Honda Jazz - AT/Otomatis,"
            Spesifikasi Mobil
                Merek: Honda
                Model: Honda Jazz
                Tahun Pembuatan: 2013
                Transmisi: AT/Otomatis
                Warna: Ungu
                Kilometer: 331086
                Harga bisa di NEGO!
        ",331086,Ungu,AT/Otomatis,248831000,True,True,2023-09-22
133,16,42,(2018) BMW 3301 - AT/Otomatis,"
            Spesifikasi Mobil
                Merek: BMW
                Model: BMW 3301
                Tahun Pembuatan: 2018
                Transmisi: AT/Otomatis
                Warna: Biru
                Kilometer: 26855
                
        ",26855,Biru,AT/Otomatis,481366000,False,False,2021-10-11
134,44,25,(2021) Suzuki Baleno - AT/Otomatis,"
            Spesifikasi Mobil
                Merek: Suzuki
                Model: Suzuki Baleno
                Tahun Pembuatan: 2021
                Transmisi: AT/Otomatis
                Warna: Nila
                Kilometer: 283263
                Harga bisa di NEGO!
        ",283263,Nila,AT/Otomatis,229765000,False,True,2022-09-16
135,4,24,(2022) Toyota Alphard - MT/Manual,"
            Spesifikasi Mobil
                Merek: Toyota
                Model: Toyota Alphard
                Tahun Pembuatan: 2022
                Transmisi: MT/Manual
                Warna: Biru
                Kilometer: 200363
                
        ",200363,Biru,MT/Manual,465616000,True,False,2021-12-26
136,55,5,(2017) Hyundai Santa Fe - AT/Otomatis,"
            Spesifikasi Mobil
                Merek: Hyundai
                Model: Hyundai Santa Fe
                Tahun Pembuatan: 2017
                Transmisi: AT/Otomatis
                Warna: Ungu tua
                Kilometer: 547410
                Harga bisa di NEGO!
        ",547410,Ungu tua,AT/Otomatis,177616000,True,True,2021-11-02
137,29,13,(2017) Hyundai Creta - MT/Manual,"
            Spesifikasi Mobil
                Merek: Hyundai
                Model: Hyundai Creta
                Tahun Pembuatan: 2017
                Transmisi: MT/Manual
                Warna: Coklat
                Kilometer: 181786
                Harga bisa di NEGO!
        ",181786,Coklat,MT/Manual,71741000,True,True,2022-02-08
138,43,29,(2017) Daihatsu Xenia - AT/Otomatis,"
            Spesifikasi Mobil
                Merek: Daihatsu
                Model: Daihatsu Xenia
                Tahun Pembuatan: 2017
                Transmisi: AT/Otomatis
                Warna: Merah bata
                Kilometer: 78848
                Harga bisa di NEGO!
        ",78848,Merah bata,AT/Otomatis,71730000,True,True,2022-11-25
139,17,13,(2017) Hyundai Creta - MT/Manual,"
            Spesifikasi Mobil
                Merek: Hyundai
                Model: Hyundai Creta
                Tahun Pembuatan: 2017
                Transmisi: MT/Manual
                Warna: Biru muda
                Kilometer: 380353
                
        ",380353,Biru muda,MT/Manual,345151000,False,False,2023-12-03
140,99,14,(2021) BMW 3301 - AT/Otomatis,"
            Spesifikasi Mobil
                Merek: BMW
                Model: BMW 3301
                Tahun Pembuatan: 2021
                Transmisi: AT/Otomatis
                Warna: Magenta
                Kilometer: 319172
                Harga bisa di NEGO!
        ",319172,Magenta,AT/Otomatis,86705000,False,True,2023-05-19
141,75,21,(2012) Hyundai Santa Fe - AT/Otomatis,"
            Spesifikasi Mobil
                Merek: Hyundai
                Model: Hyundai Santa Fe
                Tahun Pembuatan: 2012
                Transmisi: AT/Otomatis
                Warna: Biru muda
                Kilometer: 364035
                Harga bisa di NEGO!
        ",364035,Biru muda,AT/Otomatis,376480000,True,True,2022-09-12
142,81,20,(2021) Honda Civic - MT/Manual,"
            Spesifikasi Mobil
                Merek: Honda
                Model: Honda Civic
                Tahun Pembuatan: 2021
                Transmisi: MT/Manual
                Warna: Merah jambu
                Kilometer: 339077
                
        ",339077,Merah jambu,MT/Manual,214066000,True,False,2021-09-02
143,51,2,(2016) Toyota Fortuner - AT/Otomatis,"
            Spesifikasi Mobil
                Merek: Toyota
                Model: Toyota Fortuner
                Tahun Pembuatan: 2016
                Transmisi: AT/Otomatis
                Warna: Ungu tua
                Kilometer: 783793
                Harga bisa di NEGO!
        ",783793,Ungu tua,AT/Otomatis,495872000,False,True,2022-06-29
144,7,38,(2012) Toyota Fortuner - MT/Manual,"
            Spesifikasi Mobil
                Merek: Toyota
                Model: Toyota Fortuner
                Tahun Pembuatan: 2012
                Transmisi: MT/Manual
                Warna: Biru laut
                Kilometer: 525719
                Harga bisa di NEGO!
        ",525719,Biru laut,MT/Manual,156263000,True,True,2022-09-13
145,2,20,(2021) Honda Civic - MT/Manual,"
            Spesifikasi Mobil
                Merek: Honda
                Model: Honda Civic
                Tahun Pembuatan: 2021
                Transmisi: MT/Manual
                Warna: Biru laut
                Kilometer: 283139
                Harga bisa di NEGO!
        ",283139,Biru laut,MT/Manual,46215000,True,True,2023-06-02
146,58,28,(2022) Hyundai Santa Fe - AT/Otomatis,"
            Spesifikasi Mobil
                Merek: Hyundai
                Model: Hyundai Santa Fe
                Tahun Pembuatan: 2022
                Transmisi: AT/Otomatis
                Warna: Emas
                Kilometer: 542320
                
        ",542320,Emas,AT/Otomatis,492247000,True,False,2022-11-26
147,30,10,(2012) Suzuki Ignis - MT/Manual,"
            Spesifikasi Mobil
                Merek: Suzuki
                Model: Suzuki Ignis
                Tahun Pembuatan: 2012
                Transmisi: MT/Manual
                Warna: Kuning
                Kilometer: 982256
                
        ",982256,Kuning,MT/Manual,189820000,False,False,2023-04-16
148,32,24,(2022) Toyota Alphard - MT/Manual,"
            Spesifikasi Mobil
                Merek: Toyota
                Model: Toyota Alphard
                Tahun Pembuatan: 2022
                Transmisi: MT/Manual
                Warna: Kuning
                Kilometer: 156081
                
        ",156081,Kuning,MT/Manual,74857000,True,False,2022-11-30
149,43,26,(2020) Honda HR-V - MT/Manual,"
            Spesifikasi Mobil
                Merek: Honda
                Model: Honda HR-V
                Tahun Pembuatan: 2020
                Transmisi: MT/Manual
                Warna: Hijau tua
                Kilometer: 638163
                Harga bisa di NEGO!
        ",638163,Hijau tua,MT/Manual,164169000,True,True,2023-10-25
150,69,44,(2021) BMW X Series - AT/Otomatis,"
            Spesifikasi Mobil
                Merek: BMW
                Model: BMW X Series
                Tahun Pembuatan: 2021
                Transmisi: AT/Otomatis
                Warna: Merah jambu
                Kilometer: 749630
                
        ",749630,Merah jambu,AT/Otomatis,361022000,True,False,2022-07-14
151,29,10,(2012) Suzuki Ignis - AT/Otomatis,"
            Spesifikasi Mobil
                Merek: Suzuki
                Model: Suzuki Ignis
                Tahun Pembuatan: 2012
                Transmisi: AT/Otomatis
                Warna: Biru muda
                Kilometer: 462054
                Harga bisa di NEGO!
        ",462054,Biru muda,AT/Otomatis,86595000,False,True,2021-06-25
152,97,44,(2021) BMW X Series - AT/Otomatis,"
            Spesifikasi Mobil
                Merek: BMW
                Model: BMW X Series
                Tahun Pembuatan: 2021
                Transmisi: AT/Otomatis
                Warna: Hitam
                Kilometer: 822866
                
        ",822866,Hitam,AT/Otomatis,346234000,True,False,2023-10-02
153,47,30,(2016) Daihatsu Terios - MT/Manual,"
            Spesifikasi Mobil
                Merek: Daihatsu
                Model: Daihatsu Terios
                Tahun Pembuatan: 2016
                Transmisi: MT/Manual
                Warna: Biru laut
                Kilometer: 700006
                Harga bisa di NEGO!
        ",700006,Biru laut,MT/Manual,57293000,True,True,2023-12-01
154,62,12,(2015) BMW 3301 - AT/Otomatis,"
            Spesifikasi Mobil
                Merek: BMW
                Model: BMW 3301
                Tahun Pembuatan: 2015
                Transmisi: AT/Otomatis
                Warna: Koral
                Kilometer: 711803
                
        ",711803,Koral,AT/Otomatis,94432000,True,False,2023-08-05
155,18,49,(2022) Suzuki Baleno - MT/Manual,"
            Spesifikasi Mobil
                Merek: Suzuki
                Model: Suzuki Baleno
                Tahun Pembuatan: 2022
                Transmisi: MT/Manual
                Warna: Nila
                Kilometer: 299755
                Harga bisa di NEGO!
        ",299755,Nila,MT/Manual,412244000,False,True,2022-03-23
156,71,33,(2012) Toyota Fortuner - AT/Otomatis,"
            Spesifikasi Mobil
                Merek: Toyota
                Model: Toyota Fortuner
                Tahun Pembuatan: 2012
                Transmisi: AT/Otomatis
                Warna: Abu-abu
                Kilometer: 438002
                Harga bisa di NEGO!
        ",438002,Abu-abu,AT/Otomatis,128411000,True,True,2023-01-18
157,59,33,(2012) Toyota Fortuner - AT/Otomatis,"
            Spesifikasi Mobil
                Merek: Toyota
                Model: Toyota Fortuner
                Tahun Pembuatan: 2012
                Transmisi: AT/Otomatis
                Warna: Nila
                Kilometer: 694797
                Harga bisa di NEGO!
        ",694797,Nila,AT/Otomatis,459693000,False,True,2022-11-11
158,47,16,(2014) Toyota Rush - AT/Otomatis,"
            Spesifikasi Mobil
                Merek: Toyota
                Model: Toyota Rush
                Tahun Pembuatan: 2014
                Transmisi: AT/Otomatis
                Warna: Biru laut
                Kilometer: 614467
                Harga bisa di NEGO!
        ",614467,Biru laut,AT/Otomatis,195844000,False,True,2023-06-30
159,22,10,(2012) Suzuki Ignis - MT/Manual,"
            Spesifikasi Mobil
                Merek: Suzuki
                Model: Suzuki Ignis
                Tahun Pembuatan: 2012
                Transmisi: MT/Manual
                Warna: Magenta
                Kilometer: 526534
                Harga bisa di NEGO!
        ",526534,Magenta,MT/Manual,424039000,True,True,2022-10-26
160,20,12,(2015) BMW 3301 - AT/Otomatis,"
            Spesifikasi Mobil
                Merek: BMW
                Model: BMW 3301
                Tahun Pembuatan: 2015
                Transmisi: AT/Otomatis
                Warna: Biru
                Kilometer: 636544
                Harga bisa di NEGO!
        ",636544,Biru,AT/Otomatis,191155000,False,True,2023-08-06
161,4,50,(2021) Honda Mobilio - MT/Manual,"
            Spesifikasi Mobil
                Merek: Honda
                Model: Honda Mobilio
                Tahun Pembuatan: 2021
                Transmisi: MT/Manual
                Warna: Merah bata
                Kilometer: 457869
                
        ",457869,Merah bata,MT/Manual,309700000,False,False,2022-06-07
162,66,40,(2021) Honda Mobilio - AT/Otomatis,"
            Spesifikasi Mobil
                Merek: Honda
                Model: Honda Mobilio
                Tahun Pembuatan: 2021
                Transmisi: AT/Otomatis
                Warna: Abu-abu
                Kilometer: 44422
                
        ",44422,Abu-abu,AT/Otomatis,471240000,True,False,2023-11-16
163,29,39,(2014) Toyota Calya - AT/Otomatis,"
            Spesifikasi Mobil
                Merek: Toyota
                Model: Toyota Calya
                Tahun Pembuatan: 2014
                Transmisi: AT/Otomatis
                Warna: Merah marun
                Kilometer: 954570
                
        ",954570,Merah marun,AT/Otomatis,168427000,False,False,2023-04-08
164,23,37,(2021) Toyota Calya - AT/Otomatis,"
            Spesifikasi Mobil
                Merek: Toyota
                Model: Toyota Calya
                Tahun Pembuatan: 2021
                Transmisi: AT/Otomatis
                Warna: Ungu tua
                Kilometer: 67302
                
        ",67302,Ungu tua,AT/Otomatis,82433000,True,False,2023-08-11
165,73,3,(2014) Toyota Fortuner - MT/Manual,"
            Spesifikasi Mobil
                Merek: Toyota
                Model: Toyota Fortuner
                Tahun Pembuatan: 2014
                Transmisi: MT/Manual
                Warna: Zaitun
                Kilometer: 910843
                Harga bisa di NEGO!
        ",910843,Zaitun,MT/Manual,257564000,False,True,2022-06-18
166,59,3,(2014) Toyota Fortuner - MT/Manual,"
            Spesifikasi Mobil
                Merek: Toyota
                Model: Toyota Fortuner
                Tahun Pembuatan: 2014
                Transmisi: MT/Manual
                Warna: Emas
                Kilometer: 461507
                
        ",461507,Emas,MT/Manual,146998000,True,False,2021-10-02
167,69,15,(2014) Suzuki Ertiga - MT/Manual,"
            Spesifikasi Mobil
                Merek: Suzuki
                Model: Suzuki Ertiga
                Tahun Pembuatan: 2014
                Transmisi: MT/Manual
                Warna: Koral
                Kilometer: 378463
                Harga bisa di NEGO!
        ",378463,Koral,MT/Manual,458449000,True,True,2022-07-27
168,25,23,(2013) Toyota Fortuner - AT/Otomatis,"
            Spesifikasi Mobil
                Merek: Toyota
                Model: Toyota Fortuner
                Tahun Pembuatan: 2013
                Transmisi: AT/Otomatis
                Warna: Merah
                Kilometer: 491981
                Harga bisa di NEGO!
        ",491981,Merah,AT/Otomatis,136614000,False,True,2023-04-03
169,35,40,(2021) Honda Mobilio - MT/Manual,"
            Spesifikasi Mobil
                Merek: Honda
                Model: Honda Mobilio
                Tahun Pembuatan: 2021
                Transmisi: MT/Manual
                Warna: Koral
                Kilometer: 564215
                
        ",564215,Koral,MT/Manual,331446000,True,False,2023-01-08
170,25,23,(2013) Toyota Fortuner - MT/Manual,"
            Spesifikasi Mobil
                Merek: Toyota
                Model: Toyota Fortuner
                Tahun Pembuatan: 2013
                Transmisi: MT/Manual
                Warna: Biru
                Kilometer: 569041
                
        ",569041,Biru,MT/Manual,340575000,False,False,2022-08-31
171,23,27,(2013) Honda Jazz - MT/Manual,"
            Spesifikasi Mobil
                Merek: Honda
                Model: Honda Jazz
                Tahun Pembuatan: 2013
                Transmisi: MT/Manual
                Warna: Koral
                Kilometer: 799474
                
        ",799474,Koral,MT/Manual,321935000,False,False,2023-05-21
172,46,20,(2021) Honda Civic - MT/Manual,"
            Spesifikasi Mobil
                Merek: Honda
                Model: Honda Civic
                Tahun Pembuatan: 2021
                Transmisi: MT/Manual
                Warna: Nila
                Kilometer: 976901
                Harga bisa di NEGO!
        ",976901,Nila,MT/Manual,485536000,True,True,2022-06-22
173,75,18,(2016) BMW 3301 - AT/Otomatis,"
            Spesifikasi Mobil
                Merek: BMW
                Model: BMW 3301
                Tahun Pembuatan: 2016
                Transmisi: AT/Otomatis
                Warna: Hijau
                Kilometer: 647543
                Harga bisa di NEGO!
        ",647543,Hijau,AT/Otomatis,368347000,False,True,2022-10-01
174,56,49,(2022) Suzuki Baleno - MT/Manual,"
            Spesifikasi Mobil
                Merek: Suzuki
                Model: Suzuki Baleno
                Tahun Pembuatan: 2022
                Transmisi: MT/Manual
                Warna: Biru laut
                Kilometer: 257112
                
        ",257112,Biru laut,MT/Manual,295868000,True,False,2023-04-12
175,78,35,(2022) Daihatsu Xenia - AT/Otomatis,"
            Spesifikasi Mobil
                Merek: Daihatsu
                Model: Daihatsu Xenia
                Tahun Pembuatan: 2022
                Transmisi: AT/Otomatis
                Warna: Biru dongker
                Kilometer: 757629
                Harga bisa di NEGO!
        ",757629,Biru dongker,AT/Otomatis,20515000,False,True,2021-11-04
176,70,43,(2012) Suzuki Ertiga - MT/Manual,"
            Spesifikasi Mobil
                Merek: Suzuki
                Model: Suzuki Ertiga
                Tahun Pembuatan: 2012
                Transmisi: MT/Manual
                Warna: Abu-abu
                Kilometer: 178457
                
        ",178457,Abu-abu,MT/Manual,424664000,False,False,2021-11-20
177,20,15,(2014) Suzuki Ertiga - AT/Otomatis,"
            Spesifikasi Mobil
                Merek: Suzuki
                Model: Suzuki Ertiga
                Tahun Pembuatan: 2014
                Transmisi: AT/Otomatis
                Warna: Merah marun
                Kilometer: 318270
                
        ",318270,Merah marun,AT/Otomatis,266734000,False,False,2022-05-02
178,36,18,(2016) BMW 3301 - AT/Otomatis,"
            Spesifikasi Mobil
                Merek: BMW
                Model: BMW 3301
                Tahun Pembuatan: 2016
                Transmisi: AT/Otomatis
                Warna: Hijau
                Kilometer: 220510
                
        ",220510,Hijau,AT/Otomatis,279504000,False,False,2023-03-04
179,68,6,(2016) Hyundai Ioniq 5 - AT/Otomatis,"
            Spesifikasi Mobil
                Merek: Hyundai
                Model: Hyundai Ioniq 5
                Tahun Pembuatan: 2016
                Transmisi: AT/Otomatis
                Warna: Koral
                Kilometer: 760290
                
        ",760290,Koral,AT/Otomatis,191375000,False,False,2021-07-10
180,7,17,(2014) BMW 3301 - MT/Manual,"
            Spesifikasi Mobil
                Merek: BMW
                Model: BMW 3301
                Tahun Pembuatan: 2014
                Transmisi: MT/Manual
                Warna: Merah jambu
                Kilometer: 767602
                
        ",767602,Merah jambu,MT/Manual,340463000,False,False,2023-08-02
181,77,30,(2016) Daihatsu Terios - MT/Manual,"
            Spesifikasi Mobil
                Merek: Daihatsu
                Model: Daihatsu Terios
                Tahun Pembuatan: 2016
                Transmisi: MT/Manual
                Warna: Hijau tua
                Kilometer: 282816
                Harga bisa di NEGO!
        ",282816,Hijau tua,MT/Manual,138170000,False,True,2022-09-10
182,89,5,(2017) Hyundai Santa Fe - MT/Manual,"
            Spesifikasi Mobil
                Merek: Hyundai
                Model: Hyundai Santa Fe
                Tahun Pembuatan: 2017
                Transmisi: MT/Manual
                Warna: Biru
                Kilometer: 119675
                Harga bisa di NEGO!
        ",119675,Biru,MT/Manual,162524000,True,True,2021-10-19
183,93,2,(2016) Toyota Fortuner - MT/Manual,"
            Spesifikasi Mobil
                Merek: Toyota
                Model: Toyota Fortuner
                Tahun Pembuatan: 2016
                Transmisi: MT/Manual
                Warna: Hijau tua
                Kilometer: 661937
                Harga bisa di NEGO!
        ",661937,Hijau tua,MT/Manual,409199000,True,True,2023-05-13
184,44,32,(2019) Honda Civic - MT/Manual,"
            Spesifikasi Mobil
                Merek: Honda
                Model: Honda Civic
                Tahun Pembuatan: 2019
                Transmisi: MT/Manual
                Warna: Biru dongker
                Kilometer: 803819
                Harga bisa di NEGO!
        ",803819,Biru dongker,MT/Manual,170023000,False,True,2022-03-16
185,23,37,(2021) Toyota Calya - MT/Manual,"
            Spesifikasi Mobil
                Merek: Toyota
                Model: Toyota Calya
                Tahun Pembuatan: 2021
                Transmisi: MT/Manual
                Warna: Merah jambu
                Kilometer: 344362
                Harga bisa di NEGO!
        ",344362,Merah jambu,MT/Manual,274812000,False,True,2023-07-20
186,82,50,(2021) Honda Mobilio - MT/Manual,"
            Spesifikasi Mobil
                Merek: Honda
                Model: Honda Mobilio
                Tahun Pembuatan: 2021
                Transmisi: MT/Manual
                Warna: Merah
                Kilometer: 296827
                Harga bisa di NEGO!
        ",296827,Merah,MT/Manual,359185000,True,True,2023-06-02
187,40,19,(2014) Daihatsu Xenia - MT/Manual,"
            Spesifikasi Mobil
                Merek: Daihatsu
                Model: Daihatsu Xenia
                Tahun Pembuatan: 2014
                Transmisi: MT/Manual
                Warna: Biru
                Kilometer: 524340
                
        ",524340,Biru,MT/Manual,312216000,False,False,2023-02-02
188,34,16,(2014) Toyota Rush - AT/Otomatis,"
            Spesifikasi Mobil
                Merek: Toyota
                Model: Toyota Rush
                Tahun Pembuatan: 2014
                Transmisi: AT/Otomatis
                Warna: Ungu tua
                Kilometer: 77655
                
        ",77655,Ungu tua,AT/Otomatis,353189000,False,False,2023-08-11
189,77,19,(2014) Daihatsu Xenia - AT/Otomatis,"
            Spesifikasi Mobil
                Merek: Daihatsu
                Model: Daihatsu Xenia
                Tahun Pembuatan: 2014
                Transmisi: AT/Otomatis
                Warna: Merah marun
                Kilometer: 242513
                
        ",242513,Merah marun,AT/Otomatis,264589000,True,False,2022-06-18
190,72,12,(2015) BMW 3301 - MT/Manual,"
            Spesifikasi Mobil
                Merek: BMW
                Model: BMW 3301
                Tahun Pembuatan: 2015
                Transmisi: MT/Manual
                Warna: Kuning
                Kilometer: 17483
                Harga bisa di NEGO!
        ",17483,Kuning,MT/Manual,191395000,True,True,2021-12-19
191,80,6,(2016) Hyundai Ioniq 5 - AT/Otomatis,"
            Spesifikasi Mobil
                Merek: Hyundai
                Model: Hyundai Ioniq 5
                Tahun Pembuatan: 2016
                Transmisi: AT/Otomatis
                Warna: Zaitun
                Kilometer: 245477
                Harga bisa di NEGO!
        ",245477,Zaitun,AT/Otomatis,299536000,False,True,2022-11-18
192,84,7,(2019) Daihatsu Ayla - AT/Otomatis,"
            Spesifikasi Mobil
                Merek: Daihatsu
                Model: Daihatsu Ayla
                Tahun Pembuatan: 2019
                Transmisi: AT/Otomatis
                Warna: Biru muda
                Kilometer: 237267
                Harga bisa di NEGO!
        ",237267,Biru muda,AT/Otomatis,257886000,False,True,2021-08-06
193,65,30,(2016) Daihatsu Terios - AT/Otomatis,"
            Spesifikasi Mobil
                Merek: Daihatsu
                Model: Daihatsu Terios
                Tahun Pembuatan: 2016
                Transmisi: AT/Otomatis
                Warna: Koral
                Kilometer: 245976
                
        ",245976,Koral,AT/Otomatis,123696000,True,False,2022-09-03
194,86,26,(2020) Honda HR-V - MT/Manual,"
            Spesifikasi Mobil
                Merek: Honda
                Model: Honda HR-V
                Tahun Pembuatan: 2020
                Transmisi: MT/Manual
                Warna: Nila
                Kilometer: 474363
                
        ",474363,Nila,MT/Manual,158189000,True,False,2021-12-18
195,15,30,(2016) Daihatsu Terios - MT/Manual,"
            Spesifikasi Mobil
                Merek: Daihatsu
                Model: Daihatsu Terios
                Tahun Pembuatan: 2016
                Transmisi: MT/Manual
                Warna: Hijau tua
                Kilometer: 383082
                
        ",383082,Hijau tua,MT/Manual,258035000,False,False,2022-02-28
196,44,9,(2012) Suzuki Ignis - AT/Otomatis,"
            Spesifikasi Mobil
                Merek: Suzuki
                Model: Suzuki Ignis
                Tahun Pembuatan: 2012
                Transmisi: AT/Otomatis
                Warna: Kuning
                Kilometer: 608759
                Harga bisa di NEGO!
        ",608759,Kuning,AT/Otomatis,279004000,True,True,2022-06-07
197,66,17,(2014) BMW 3301 - MT/Manual,"
            Spesifikasi Mobil
                Merek: BMW
                Model: BMW 3301
                Tahun Pembuatan: 2014
                Transmisi: MT/Manual
                Warna: Merah jambu
                Kilometer: 673429
                
        ",673429,Merah jambu,MT/Manual,436799000,False,False,2021-10-20
198,80,32,(2019) Honda Civic - MT/Manual,"
            Spesifikasi Mobil
                Merek: Honda
                Model: Honda Civic
                Tahun Pembuatan: 2019
                Transmisi: MT/Manual
                Warna: Koral
                Kilometer: 582827
                Harga bisa di NEGO!
        ",582827,Koral,MT/Manual,364286000,False,True,2022-12-23
199,27,14,(2021) BMW 3301 - MT/Manual,"
            Spesifikasi Mobil
                Merek: BMW
                Model: BMW 3301
                Tahun Pembuatan: 2021
                Transmisi: MT/Manual
                Warna: Hitam
                Kilometer: 838558
                
        ",838558,Hitam,MT/Manual,360315000,True,False,2023-06-22
200,5,28,(2022) Hyundai Santa Fe - AT/Otomatis,"
            Spesifikasi Mobil
                Merek: Hyundai
                Model: Hyundai Santa Fe
                Tahun Pembuatan: 2022
                Transmisi: AT/Otomatis
                Warna: Hijau muda
                Kilometer: 100201
                
        ",100201,Hijau muda,AT/Otomatis,177369000,True,False,2022-11-29
